<application>
  <component name="FileTypeManager" version="18">
    <extensionMap>
      <mapping ext="cmd" type="Batch" />
      <mapping ext="docker" type="Dockerfile" />
      <mapping ext="cnf" type="Ini" />
      <mapping ext="webmanifest" type="JSON" />
      <mapping ext="lock" type="JSON" />
      <mapping pattern=".php_cs.dist" type="PHP" />
      <mapping pattern=".gitkeep" type="PLAIN_TEXT" />
      <mapping ext="yml " type="PLAIN_TEXT" />
      <mapping ext="class" type="PLAIN_TEXT" />
      <mapping ext="dist" type="PLAIN_TEXT" />
      <removed_mapping ext="bat" approved="true" type="Batch" />
      <removed_mapping ext="cmd" approved="true" type="Cmd" />
      <removed_mapping ext="java" approved="true" type="JavaScript" />
      <removed_mapping ext="ng" approved="true" type="HTML" />
    </extensionMap>
  </component>
</application>